"1","Avto","test_1.jpg","A toy was created by some one somewher oneday","1","2018-01-16 21:50:49","21"
"2","Car","test_2.jpg","A toy was created by some one somewher oneday","1","2018-01-16 21:54:18","13"
"3","Big screen","test_5jpg","All what you need this summer","3","2018-01-17 03:41:04","0"
"4","Book Gary Poter","test_3.jpg","A toy was created by some one somewher oneday","3","2018-01-16 21:54:32","12"
"5","Big girl","test_1.jpg","Kukla pozojayka","2","2018-01-17 03:38:21","0"
"7","test_1.jpg","test_1.jpg","test_1.jpg","3","2018-01-17 03:38:29","0"
"8","Computer","test_1.jpg","All what you need","3","2018-01-17 03:38:29","0"
"1","Toys for boys"
"2","Toys for girls
"
"3","Toys for teenagers

"
"1","2","Anvar"
"2","5","Anvar53"
"3","3","Akrom"
"1","Anvar53","rodar@asd.ri","40bd001563085fc35165329ea1ff5c5ecbdbbeef"
"2","Galya","petrovich@ll.ru","40bd001563085fc35165329ea1ff5c5ecbdbbeef"
"3","Aygul","12@12.rj","40bd001563085fc35165329ea1ff5c5ecbdbbeef"
"4","Akrom","akra@25","40bd001563085fc35165329ea1ff5c5ecbdbbeef"
"11","Anvar1","rodari53@gmail.com","40bd001563085fc35165329ea1ff5c5ecbdbbeef"
"12","Anvar13","rodari53@gmail.ru","40bd001563085fc35165329ea1ff5c5ecbdbbeef"
"13","123","123@1","40bd001563085fc35165329ea1ff5c5ecbdbbeef"
